image,ALB,BET,DOL,LAG,NoF,OTHER,SHARK,YFT
img_00005.jpg,0.0,0.0,0.0,0.0,1.0,0.0,0.0,0.0
img_00009.jpg,3.53389e-07,0.604889,0.00147342,7.56473e-09,0.0,6.26109e-05,1.14717e-06,0.393573
img_00027.jpg,2.54635e-09,0.00050505,9.72174e-07,5.81455e-12,0.0,1.04533e-09,5.25141e-11,0.999494
img_00040.jpg,7.3849e-09,0.908154,9.97767e-06,7.85842e-11,0.0,4.48697e-10,8.14299e-09,0.0918364
img_00119.jpg,0.0,0.0,0.0,0.0,1.0,0.0,0.0,0.0
img_00125.jpg,3.2776e-11,0.986459,1.11809e-08,4.66184e-13,0.0,1.49504e-09,4.74331e-12,0.0135411
img_00128.jpg,3.34653e-11,0.997399,2.78228e-06,2.69647e-13,0.0,4.6261e-10,1.87713e-12,0.00259863
img_00138.jpg,2.02479e-07,0.118945,0.000177995,2.14527e-09,0.0,1.07579e-06,2.46811e-06,0.880873
img_00152.jpg,3.61373e-09,0.983187,3.17241e-06,1.03001e-09,0.0,8.65886e-08,3.36216e-08,0.0168092
img_00164.jpg,0.0,0.0,0.0,0.0,1.0,0.0,0.0,0.0
img_00170.jpg,8.7674e-10,0.905313,0.000175329,4.92989e-12,0.0,3.19594e-08,9.13066e-10,0.0945112
img_00171.jpg,1.03501e-10,0.0999308,1.16025e-06,8.7748e-13,0.0,2.72436e-10,7.08365e-10,0.900068
img_00196.jpg,0.0,0.0,0.0,0.0,1.0,0.0,0.0,0.0
img_00212.jpg,2.06172e-12,0.725667,1.11297e-07,1.94175e-14,0.0,1.61253e-11,1.98584e-12,0.274333
img_00230.jpg,1.21154e-09,0.0177559,8.44144e-08,5.90376e-12,0.0,3.83067e-05,4.65928e-07,0.982205
img_00232.jpg,1.45148e-09,0.969625,2.11832e-06,3.97643e-11,0.0,9.79608e-08,4.07477e-09,0.0303723
img_00280.jpg,2.64433e-09,0.769104,2.07054e-06,7.53115e-11,0.0,3.36922e-08,8.86281e-10,0.230893
img_00285.jpg,9.91814e-08,0.0602013,7.66397e-07,1.24965e-12,0.0,1.85256e-07,2.95215e-10,0.939798
img_00302.jpg,7.98583e-12,0.181262,1.10445e-08,5.49835e-10,0.0,2.60818e-10,1.11296e-08,0.818738
img_00331.jpg,1.76026e-09,0.387216,7.68771e-07,1.47541e-11,0.0,4.74648e-08,8.37492e-10,0.612783
img_00358.jpg,3.8038e-10,0.43916,7.96078e-08,1.8145e-10,0.0,1.04777e-08,2.59247e-10,0.56084
img_00375.jpg,2.74713e-07,0.0719799,0.00130076,2.42814e-09,0.0,3.58021e-07,4.81138e-07,0.926718
img_00383.jpg,1.64114e-15,0.00402264,4.2481e-08,3.68155e-15,0.0,2.78896e-14,3.26251e-11,0.995977
img_00407.jpg,1.05835e-10,0.607848,2.83014e-08,1.15024e-12,0.0,7.60421e-12,4.67294e-11,0.392152
img_00432.jpg,6.51149e-10,0.994495,3.32084e-07,9.8326e-11,0.0,6.84392e-07,2.26259e-09,0.00550377
img_00469.jpg,2.25538e-10,0.857788,4.82276e-06,2.28644e-10,0.0,4.05205e-06,1.05728e-09,0.142203
img_00473.jpg,2.22195e-14,0.999832,5.53868e-10,1.74708e-14,0.0,4.74288e-12,5.71323e-11,0.000168286
img_00483.jpg,2.32912e-09,0.378582,1.52011e-06,9.17233e-12,0.0,2.42805e-10,7.36309e-09,0.621416
img_00486.jpg,9.2313e-10,0.937024,1.43755e-05,1.34539e-10,0.0,1.38738e-05,7.23301e-08,0.0629473
img_00487.jpg,0.0,0.0,0.0,0.0,1.0,0.0,0.0,0.0
img_00518.jpg,1.23984e-12,0.991577,1.79661e-06,3.56679e-17,0.0,3.89069e-13,1.46568e-13,0.00842084
img_00533.jpg,1.69782e-11,0.7815,4.08017e-06,1.89727e-12,0.0,1.68639e-10,3.18473e-12,0.218496
img_00543.jpg,2.91018e-11,0.00697625,9.03733e-05,6.51717e-12,0.0,8.6242e-10,1.33048e-09,0.992933
img_00551.jpg,5.46106e-10,0.96126,8.49477e-06,2.7175e-10,0.0,4.70642e-08,1.172e-08,0.0387312
img_00564.jpg,0.0,0.0,0.0,0.0,1.0,0.0,0.0,0.0
img_00582.jpg,1.75904e-09,0.675432,4.10615e-05,1.06123e-11,0.0,6.62796e-06,1.65201e-08,0.32452
img_00584.jpg,8.30892e-09,0.994778,2.81552e-05,1.35517e-13,0.0,3.20043e-11,4.08031e-12,0.00519434
img_00587.jpg,9.19512e-09,0.216839,4.53873e-05,4.94028e-11,0.0,7.53937e-09,2.97702e-09,0.783116
img_00591.jpg,9.07502e-11,0.39057,8.13623e-07,4.29305e-11,0.0,7.97515e-09,2.87371e-08,0.609429
img_00598.jpg,1.26949e-10,0.997065,1.01566e-06,3.18312e-12,0.0,5.11437e-09,3.43543e-11,0.00293437
img_00599.jpg,1.95876e-12,0.0653101,7.60388e-07,1.26226e-12,0.0,3.77109e-11,5.8006e-10,0.934689
img_00618.jpg,1.05146e-12,0.992969,7.30697e-09,5.2918e-11,0.0,1.64295e-10,2.80479e-08,0.00703113
img_00620.jpg,2.94032e-07,0.749886,0.000118082,1.6909e-07,0.0,2.08203e-06,1.74936e-05,0.249976
img_00642.jpg,5.3819e-11,0.00870752,7.15763e-07,2.08494e-13,0.0,1.1156e-06,4.37392e-10,0.991291
img_00648.jpg,7.48763e-11,0.396441,1.94835e-05,3.15006e-12,0.0,3.25674e-10,1.54946e-09,0.60354
img_00664.jpg,3.89616e-08,0.993525,2.77072e-05,5.32301e-10,0.0,6.64981e-08,1.84524e-10,0.00644715
img_00667.jpg,0.0,0.0,0.0,0.0,1.0,0.0,0.0,0.0
img_00676.jpg,0.0,0.0,0.0,0.0,1.0,0.0,0.0,0.0
img_00716.jpg,3.45923e-08,0.671278,6.25477e-07,1.27015e-09,0.0,3.37596e-08,1.6732e-09,0.328722
img_00717.jpg,1.00564e-09,0.977857,4.40969e-07,8.95768e-11,0.0,5.33988e-10,3.1257e-09,0.0221428
img_00718.jpg,2.26751e-07,0.97517,0.000877563,1.48073e-10,0.0,7.71928e-06,1.09155e-07,0.0239443
img_00723.jpg,0.0,0.0,0.0,0.0,1.0,0.0,0.0,0.0
img_00724.jpg,1.89271e-13,0.999458,1.80981e-06,5.86963e-14,0.0,3.8465e-13,1.1354e-12,0.000540632
img_00730.jpg,3.04682e-12,0.0124091,9.55451e-08,3.0643e-15,0.0,9.51703e-12,1.21313e-10,0.987591
img_00760.jpg,7.12681e-11,0.0128169,2.48387e-06,4.29578e-13,0.0,9.2705e-07,5.8296e-10,0.98718
img_00763.jpg,0.0,0.0,0.0,0.0,1.0,0.0,0.0,0.0
img_00764.jpg,1.36087e-11,0.998426,2.29705e-07,5.87271e-14,0.0,6.59638e-11,4.20012e-10,0.00157335
img_00765.jpg,5.88652e-08,0.710162,4.00618e-07,1.25148e-10,0.0,1.51133e-05,3.01704e-09,0.289823
img_00772.jpg,5.54514e-10,0.953104,8.23199e-07,3.84953e-12,0.0,4.9395e-11,1.07986e-12,0.0468955
img_00773.jpg,1.2436e-07,0.956334,2.14938e-05,1.2223e-11,0.0,2.38097e-10,4.43394e-09,0.0436443
img_00780.jpg,7.67855e-13,0.998989,1.93717e-08,4.54577e-15,0.0,4.50767e-13,5.26612e-12,0.00101146
img_00798.jpg,5.74501e-07,0.97178,0.00013707,2.83853e-12,0.0,1.7135e-06,1.97185e-08,0.0280805
img_00828.jpg,0.0,0.0,0.0,0.0,1.0,0.0,0.0,0.0
img_00833.jpg,1.07928e-07,0.675382,8.24056e-07,3.29016e-09,0.0,1.11427e-09,3.33434e-09,0.324617
img_00855.jpg,4.34757e-08,0.958773,1.67796e-05,5.2314e-11,0.0,9.20215e-07,3.77127e-09,0.0412089
img_00858.jpg,2.20982e-07,0.378372,0.000175593,4.83419e-10,0.0,1.09644e-06,5.4844e-08,0.621451
img_00865.jpg,2.32695e-10,0.993311,2.47917e-07,2.2654e-11,0.0,1.65311e-09,7.64523e-11,0.00668833
img_00876.jpg,0.0,0.0,0.0,0.0,1.0,0.0,0.0,0.0
img_00894.jpg,0.0,0.0,0.0,0.0,1.0,0.0,0.0,0.0
img_00902.jpg,3.0549e-09,0.996753,5.27272e-06,1.07717e-10,0.0,1.16327e-07,2.83922e-09,0.00324147
img_00914.jpg,3.84472e-07,0.131935,0.000633104,9.05819e-12,0.0,1.4157e-09,8.02315e-12,0.867431
img_00921.jpg,1.15289e-08,0.0285848,2.54339e-06,5.54344e-10,0.0,3.41727e-08,2.67725e-07,0.971412
img_00943.jpg,9.60531e-10,0.500018,4.94972e-06,2.80043e-12,0.0,1.08672e-09,3.66753e-08,0.499977
img_00948.jpg,0.0,0.0,0.0,0.0,1.0,0.0,0.0,0.0
img_00959.jpg,4.74536e-06,0.972773,0.00986981,2.50209e-09,0.0,1.85194e-06,1.01511e-09,0.0173506
img_00962.jpg,3.63773e-09,0.991484,2.58207e-05,6.6477e-14,0.0,5.71953e-12,9.38709e-13,0.00849004
img_00964.jpg,3.96509e-13,0.999235,2.89565e-07,6.60399e-15,0.0,3.25907e-12,5.06106e-13,0.000764679
img_00966.jpg,0.0,0.0,0.0,0.0,1.0,0.0,0.0,0.0
img_00979.jpg,3.27208e-13,0.997503,1.28788e-09,2.27756e-14,0.0,3.28354e-10,5.47203e-11,0.00249677
img_00982.jpg,1.12341e-13,0.876249,1.38045e-08,1.16067e-13,0.0,7.48355e-11,1.67019e-10,0.123751
img_00985.jpg,3.08845e-08,0.00688245,1.66661e-07,2.64618e-11,0.0,5.09866e-07,9.20341e-11,0.993117
img_00999.jpg,1.96184e-11,0.0254096,2.41248e-08,6.8753e-12,0.0,2.63162e-09,1.62875e-10,0.97459
img_01022.jpg,1.90779e-08,0.284146,0.000137771,1.48787e-10,0.0,8.16082e-07,9.8221e-08,0.715715
img_01059.jpg,2.38482e-07,0.862979,5.40921e-08,1.17169e-10,0.0,8.00434e-08,1.36718e-10,0.13702
img_01090.jpg,0.0,0.0,0.0,0.0,1.0,0.0,0.0,0.0
img_01142.jpg,1.99079e-09,0.9017,5.90866e-06,2.25261e-11,0.0,5.61783e-08,5.42358e-11,0.0982936
img_01168.jpg,1.6935e-05,0.667298,0.000191277,3.00211e-08,0.0,1.07518e-05,1.86228e-07,0.332483
img_01171.jpg,0.0,0.0,0.0,0.0,1.0,0.0,0.0,0.0
img_01177.jpg,5.06215e-10,0.497912,1.36108e-05,3.37622e-10,0.0,4.56383e-05,3.05389e-07,0.502029
img_01179.jpg,1.74572e-07,0.500749,0.000331998,1.59411e-11,0.0,6.65729e-07,1.06399e-09,0.498918
img_01188.jpg,1.60906e-08,0.875721,7.06879e-08,5.73239e-10,0.0,2.3909e-07,6.15425e-11,0.124279
img_01198.jpg,2.42196e-06,0.811116,0.000541119,9.62125e-08,0.0,0.00184688,4.60667e-06,0.186489
img_01204.jpg,0.0,0.0,0.0,0.0,1.0,0.0,0.0,0.0
img_01208.jpg,0.0,0.0,0.0,0.0,1.0,0.0,0.0,0.0
img_01211.jpg,2.96292e-12,0.00391705,2.34972e-08,1.78664e-13,0.0,2.95048e-11,1.71613e-12,0.996083
img_01222.jpg,1.6458e-09,0.255469,3.28623e-05,4.85868e-11,0.0,1.85165e-06,5.83648e-08,0.744497
img_01237.jpg,0.0,0.0,0.0,0.0,1.0,0.0,0.0,0.0
img_01253.jpg,1.17861e-12,0.740257,1.64585e-07,2.41103e-13,0.0,2.05712e-11,2.20187e-13,0.259742
img_01286.jpg,7.78393e-10,0.997934,1.12131e-05,9.61348e-12,0.0,1.37316e-08,1.04572e-09,0.0020545
img_01289.jpg,4.67301e-08,0.976692,3.56918e-08,1.75892e-10,0.0,2.69215e-09,8.24074e-12,0.0233083
img_01325.jpg,0.0,0.0,0.0,0.0,1.0,0.0,0.0,0.0
img_01366.jpg,3.99763e-13,0.994891,6.40889e-08,6.07801e-15,0.0,1.04321e-13,4.23345e-13,0.00510883
img_01371.jpg,4.49163e-10,0.0513668,1.83535e-07,3.76252e-11,0.0,1.98293e-08,1.32372e-07,0.948633
img_01373.jpg,0.0,0.0,0.0,0.0,1.0,0.0,0.0,0.0
img_01377.jpg,0.0,0.0,0.0,0.0,1.0,0.0,0.0,0.0
img_01384.jpg,3.44198e-09,0.996686,1.86975e-07,9.08559e-11,0.0,3.39875e-08,1.81698e-09,0.00331394
img_01388.jpg,1.76854e-06,0.984851,2.52836e-05,2.11884e-08,0.0,5.22439e-05,5.0748e-07,0.0150695
img_01392.jpg,1.63949e-10,0.608293,5.9163e-08,1.42676e-13,0.0,2.233e-11,6.33143e-11,0.391706
img_01399.jpg,3.12375e-12,0.999704,3.40387e-08,2.27014e-14,0.0,1.94664e-10,1.22831e-11,0.000296095
img_01405.jpg,1.73348e-09,0.996691,5.28048e-08,2.70556e-10,0.0,5.66979e-09,3.03771e-07,0.00330906
img_01413.jpg,1.02678e-09,0.28667,7.61725e-06,4.59364e-11,0.0,1.13393e-09,9.35459e-09,0.713322
img_01444.jpg,1.6727e-10,0.0122612,4.69611e-07,5.93594e-14,0.0,5.47383e-10,1.77892e-10,0.987738
img_01495.jpg,1.2824e-10,0.996581,2.87454e-06,5.03937e-12,0.0,1.1006e-07,3.33926e-10,0.00341576
img_01519.jpg,2.86236e-08,0.882478,1.01831e-07,4.09177e-09,0.0,1.01008e-06,2.93551e-09,0.117521
img_01530.jpg,6.34786e-10,0.998877,3.4286e-07,2.36641e-12,0.0,3.15902e-09,6.05768e-11,0.00112248
img_01537.jpg,4.51997e-07,0.337049,0.000231874,7.45263e-08,0.0,9.80301e-06,3.16156e-06,0.662706
img_01543.jpg,4.05755e-14,0.999963,2.41607e-08,9.24388e-15,0.0,2.14172e-10,2.96194e-11,3.73058e-05
img_01561.jpg,0.0,0.0,0.0,0.0,1.0,0.0,0.0,0.0
img_01562.jpg,2.33344e-09,0.00968241,4.113e-07,5.31888e-12,0.0,8.08083e-09,1.60891e-09,0.990317
img_01571.jpg,4.61908e-13,0.127328,5.204e-09,1.11686e-13,0.0,9.18875e-12,1.37551e-12,0.872672
img_01627.jpg,2.87759e-07,0.590044,1.46418e-05,4.64544e-10,0.0,1.12381e-07,1.70609e-07,0.409941
img_01632.jpg,7.57554e-11,0.995821,2.51908e-07,3.78613e-11,0.0,1.83865e-07,6.15206e-08,0.00417833
img_01646.jpg,5.37568e-07,0.751887,0.000257676,5.74708e-10,0.0,9.97564e-05,7.11087e-07,0.247754
img_01649.jpg,6.08331e-08,0.303417,0.000156423,3.27533e-09,0.0,3.04183e-06,4.98168e-08,0.696423
img_01669.jpg,1.50334e-09,0.0411481,2.07424e-05,2.36172e-12,0.0,5.50787e-07,2.84458e-09,0.958831
img_01673.jpg,9.67878e-07,0.167945,1.65553e-05,9.50352e-12,0.0,4.17298e-10,1.48012e-11,0.832037
img_01685.jpg,1.42536e-10,0.88534,7.81745e-07,1.60771e-11,0.0,3.07491e-08,5.09399e-08,0.114659
img_01689.jpg,7.55628e-10,0.99126,3.57957e-07,3.40516e-12,0.0,1.32036e-10,6.75585e-11,0.00873977
img_01716.jpg,0.0,0.0,0.0,0.0,1.0,0.0,0.0,0.0
img_01745.jpg,2.57992e-08,0.46721,4.32645e-05,1.04569e-09,0.0,6.37245e-08,2.71391e-07,0.532746
img_01771.jpg,3.07117e-06,0.645163,9.6248e-05,1.65445e-07,0.0,4.81265e-05,5.21705e-05,0.354637
img_01803.jpg,9.8015e-12,0.999925,2.67316e-09,3.50979e-14,0.0,1.54581e-12,5.62379e-09,7.45357e-05
img_01825.jpg,0.0,0.0,0.0,0.0,1.0,0.0,0.0,0.0
img_01834.jpg,1.0111e-08,0.936211,3.43899e-06,1.92952e-14,0.0,1.94851e-10,1.45214e-13,0.0637857
img_01856.jpg,2.20367e-10,0.982522,3.76829e-05,5.81887e-14,0.0,3.80003e-10,1.58514e-12,0.0174404
img_01862.jpg,1.0441e-06,0.470187,0.000286814,1.16642e-07,0.0,7.27701e-06,5.47935e-06,0.529513
img_01888.jpg,2.17913e-08,0.957393,3.19171e-07,6.88068e-09,0.0,0.000202878,4.6202e-08,0.0424035
img_01918.jpg,1.17258e-10,0.918363,1.293e-05,1.08202e-10,0.0,9.8161e-08,1.94942e-09,0.0816239
img_01930.jpg,1.20712e-10,0.147682,1.06004e-06,1.13239e-09,0.0,7.11466e-07,1.64881e-06,0.852315
img_01932.jpg,5.0701e-11,0.941484,4.51138e-06,1.33309e-10,0.0,1.13238e-06,1.52454e-09,0.0585103
img_01963.jpg,2.73166e-10,0.925233,3.2347e-05,5.59092e-13,0.0,1.72043e-10,3.96156e-13,0.0747343
img_01976.jpg,3.13971e-12,0.0627444,1.54691e-07,1.98604e-14,0.0,2.21397e-11,3.28724e-09,0.937255
img_01984.jpg,9.9628e-10,0.982507,2.43017e-06,6.68216e-12,0.0,1.14741e-10,2.45956e-10,0.017491
img_01995.jpg,5.9517e-09,0.973498,5.83952e-06,3.5133e-10,0.0,2.86449e-06,2.73707e-09,0.0264934
img_02001.jpg,2.28678e-08,0.0757751,3.11701e-06,1.3014e-09,0.0,1.92482e-07,2.92982e-08,0.924222
img_02006.jpg,1.33514e-07,0.986085,7.44476e-05,1.30074e-09,0.0,6.43052e-05,4.57358e-06,0.013772
img_02074.jpg,8.25598e-11,0.319309,1.72887e-07,5.16662e-12,0.0,4.8408e-10,8.24946e-12,0.680691
img_02083.jpg,0.0,0.0,0.0,0.0,1.0,0.0,0.0,0.0
img_02096.jpg,2.67607e-08,0.113205,3.37623e-05,1.56119e-11,0.0,7.07039e-08,4.40675e-08,0.886761
img_02119.jpg,1.10724e-09,0.950952,2.87076e-06,4.93351e-10,0.0,8.08741e-09,8.84612e-08,0.0490448
img_02159.jpg,0.0,0.0,0.0,0.0,1.0,0.0,0.0,0.0
img_02172.jpg,9.76382e-08,0.851602,0.000126765,1.8768e-09,0.0,2.62623e-07,1.11835e-06,0.14827
img_02188.jpg,3.28221e-10,0.143142,5.41441e-08,1.99618e-12,0.0,2.42146e-09,5.53173e-12,0.856858
img_02194.jpg,2.5424e-10,0.156859,1.80844e-07,4.51021e-11,0.0,5.81482e-08,7.898e-10,0.84314
img_02216.jpg,0.0,0.0,0.0,0.0,1.0,0.0,0.0,0.0
img_02231.jpg,3.35447e-09,0.845817,1.14191e-05,9.65409e-11,0.0,1.36736e-06,8.78437e-10,0.15417
img_02235.jpg,9.75644e-09,0.986081,7.83375e-06,1.67441e-09,0.0,6.52995e-06,5.74257e-09,0.0139041
img_02252.jpg,2.13505e-08,0.999014,3.85749e-05,1.11604e-10,0.0,1.05473e-08,1.26966e-09,0.000947747
img_02285.jpg,1.33407e-06,0.661607,0.0272493,5.60543e-13,0.0,2.67537e-07,7.84719e-10,0.311142
img_02291.jpg,7.27798e-08,0.196766,2.61102e-06,2.224e-12,0.0,8.0208e-08,3.63292e-10,0.803231
img_02299.jpg,4.45063e-09,0.339346,5.25569e-06,6.8792e-11,0.0,4.47339e-07,2.42824e-08,0.660648
img_02305.jpg,2.54463e-08,0.977011,1.74834e-05,5.97918e-09,0.0,3.6286e-05,2.83086e-08,0.0229353
img_02356.jpg,3.32816e-10,0.984026,1.67121e-05,1.08945e-13,0.0,7.44773e-08,1.12981e-10,0.0159568
img_02384.jpg,7.35335e-08,0.0310166,2.04201e-07,3.23238e-11,0.0,8.56829e-09,3.32463e-10,0.968983
img_02400.jpg,7.04196e-08,0.135904,0.000151276,3.70376e-09,0.0,1.55881e-05,3.42711e-07,0.863929
img_02416.jpg,9.65417e-12,0.139206,9.81586e-07,4.67473e-14,0.0,7.12038e-10,1.13503e-10,0.860793
img_02422.jpg,2.95629e-09,0.0321375,7.89192e-07,1.96415e-12,0.0,2.7212e-11,1.85549e-11,0.967862
img_02479.jpg,0.0,0.0,0.0,0.0,1.0,0.0,0.0,0.0
img_02487.jpg,7.11216e-09,0.150039,5.63462e-06,1.49005e-11,0.0,2.11087e-09,2.29583e-07,0.849955
img_02522.jpg,1.08209e-09,0.271265,1.69742e-05,1.11059e-09,0.0,4.81773e-08,2.61238e-07,0.728718
img_02556.jpg,3.46831e-11,0.023549,1.0591e-06,1.05622e-13,0.0,5.50813e-11,9.55632e-12,0.97645
img_02563.jpg,0.0,0.0,0.0,0.0,1.0,0.0,0.0,0.0
img_02602.jpg,2.00383e-10,0.93154,4.308e-05,8.17973e-12,0.0,1.75627e-07,3.29538e-11,0.0684163
img_02636.jpg,1.18486e-11,0.999907,3.17995e-09,1.55416e-13,0.0,4.4975e-11,2.46834e-11,9.25506e-05
img_02638.jpg,4.06761e-09,0.960216,2.23755e-06,1.09715e-10,0.0,2.10564e-08,1.09613e-08,0.0397813
img_02679.jpg,8.93163e-14,0.0415535,3.87518e-09,6.58549e-17,0.0,1.52431e-11,2.38701e-15,0.958447
img_02687.jpg,5.2155e-12,0.966377,9.49655e-08,2.66645e-15,0.0,8.03625e-15,1.0604e-13,0.0336226
img_02699.jpg,5.60768e-11,0.638927,1.29408e-05,2.50533e-12,0.0,6.39035e-12,4.89236e-11,0.36106
img_02702.jpg,4.07842e-07,0.753573,1.80934e-06,1.04334e-12,0.0,6.38955e-11,2.64005e-12,0.246425
img_02709.jpg,1.61012e-07,0.832928,0.000123421,3.32088e-08,0.0,6.58747e-08,1.82111e-06,0.166947
img_02733.jpg,7.4024e-09,0.290211,1.1193e-05,1.26632e-11,0.0,1.43795e-08,2.44616e-09,0.709778
img_02739.jpg,9.43546e-10,0.112912,1.70188e-06,2.63916e-11,0.0,5.66157e-10,1.24162e-08,0.887087
img_02759.jpg,4.93531e-13,0.994066,3.26613e-08,2.02495e-15,0.0,4.85708e-14,5.65181e-14,0.00593383
img_02764.jpg,2.07491e-08,0.961433,4.99191e-06,2.92126e-12,0.0,4.61199e-10,8.85337e-12,0.0385623
img_02769.jpg,4.75094e-13,0.977407,6.55005e-09,5.43453e-16,0.0,5.02253e-13,5.63275e-16,0.0225926
img_02771.jpg,1.29387e-09,0.405352,7.6368e-06,2.48559e-12,0.0,6.92844e-09,8.46347e-09,0.59464
img_02808.jpg,3.21889e-09,0.0820949,7.74643e-06,7.23972e-12,0.0,2.2887e-07,1.58597e-08,0.917897
img_02811.jpg,8.4241e-08,0.804116,1.55568e-05,3.79298e-10,0.0,6.83949e-08,1.02555e-08,0.195869
img_02834.jpg,1.06544e-10,0.22659,2.93462e-08,4.43955e-10,0.0,3.76837e-09,1.46573e-10,0.77341
img_02842.jpg,3.57574e-10,0.999097,7.48495e-09,3.71138e-11,0.0,3.06841e-10,1.46838e-08,0.000902952
img_02876.jpg,4.56418e-11,0.980151,9.10254e-09,1.51785e-14,0.0,8.75463e-09,3.05283e-11,0.0198495
img_02889.jpg,3.74705e-08,0.78289,0.000139245,1.03349e-08,0.0,2.66062e-07,1.17689e-06,0.216969
img_02890.jpg,4.99572e-11,0.923483,3.73678e-07,6.08779e-14,0.0,1.87643e-11,4.89607e-11,0.0765162
img_02899.jpg,1.59153e-09,0.543245,2.53934e-05,1.29658e-11,0.0,1.00381e-08,8.65663e-09,0.456729
img_02904.jpg,5.17279e-09,0.258667,3.18129e-05,7.94328e-11,0.0,2.98974e-07,2.32101e-07,0.7413
img_02911.jpg,2.85157e-08,0.630198,4.03696e-05,9.74451e-10,0.0,0.00101833,3.08939e-07,0.368743
img_02943.jpg,2.51875e-10,0.996173,5.89203e-07,4.10459e-12,0.0,1.12104e-11,1.3786e-10,0.00382604
img_02956.jpg,2.81028e-10,0.027057,1.89738e-07,9.11726e-13,0.0,5.20655e-09,1.15612e-12,0.972943
img_02974.jpg,1.02136e-12,0.00728814,4.22251e-07,5.45958e-12,0.0,1.10218e-11,9.17847e-09,0.992711
img_02993.jpg,9.08018e-13,0.999345,2.4816e-08,3.56794e-15,0.0,1.50785e-11,7.03703e-14,0.000655311
img_03043.jpg,2.90208e-11,0.992762,7.72079e-09,2.01491e-13,0.0,4.37371e-11,1.04597e-11,0.00723771
img_03055.jpg,2.91491e-10,0.975834,7.19748e-08,3.42254e-11,0.0,6.98099e-09,3.21297e-10,0.0241655
img_03064.jpg,6.4967e-13,0.635654,6.08769e-08,9.41964e-12,0.0,4.29054e-10,1.77398e-07,0.364346
img_03069.jpg,1.33066e-09,0.0125961,7.16066e-06,3.81405e-11,0.0,5.07666e-09,1.10184e-11,0.987397
img_03074.jpg,9.3692e-07,0.773304,0.000574742,6.50628e-10,0.0,0.000536127,4.58039e-06,0.22558
img_03078.jpg,7.3253e-06,0.461739,0.000204791,1.2755e-08,0.0,4.56515e-06,3.66418e-07,0.538044
img_03080.jpg,1.17754e-10,0.107155,4.35831e-06,6.15596e-13,0.0,9.94562e-10,7.02326e-12,0.892841
img_03082.jpg,1.3615e-09,0.219594,5.09365e-05,2.7048e-13,0.0,1.01742e-08,2.20786e-10,0.780355
img_03140.jpg,7.07589e-10,0.92799,0.000203855,2.10707e-12,0.0,4.47011e-07,6.09196e-12,0.0718055
img_03166.jpg,2.54751e-12,0.255004,4.53282e-07,8.78937e-14,0.0,3.72215e-12,4.28518e-11,0.744995
img_03169.jpg,1.98266e-13,0.999265,7.48308e-08,8.24153e-15,0.0,6.4599e-11,7.22785e-13,0.000734514
img_03195.jpg,3.53237e-11,0.040995,2.11026e-07,4.7816e-11,0.0,9.25681e-09,1.99336e-09,0.959005
img_03210.jpg,8.34029e-08,0.425516,1.10988e-05,6.53993e-12,0.0,5.4212e-11,2.03756e-12,0.574473
img_03220.jpg,1.01382e-07,0.874325,4.58954e-05,7.02708e-09,0.0,4.93021e-07,1.23994e-07,0.125629
img_03222.jpg,2.67912e-08,0.732066,5.56909e-05,2.74359e-10,0.0,2.05929e-06,1.39353e-07,0.267876
img_03228.jpg,4.64248e-10,0.962449,8.86e-06,1.70468e-11,0.0,1.84791e-06,2.48648e-09,0.0375397
img_03260.jpg,2.35595e-07,0.526317,0.000636666,1.15744e-09,0.0,5.39993e-06,5.16444e-07,0.473041
img_03290.jpg,6.91881e-10,0.334577,1.5556e-05,3.30758e-11,0.0,5.17258e-09,2.28497e-08,0.665408
img_03297.jpg,6.91223e-09,0.974572,2.96282e-06,5.7957e-09,0.0,7.84074e-08,1.03015e-05,0.0254145
img_03310.jpg,1.28034e-07,0.770611,0.000247041,5.85602e-10,0.0,9.32293e-06,3.91745e-07,0.229132
img_03312.jpg,5.66215e-08,0.955618,6.9405e-06,5.33525e-10,0.0,0.000173716,2.83998e-08,0.0442011
img_03324.jpg,1.02691e-09,0.970464,6.28686e-08,1.48703e-12,0.0,5.15473e-12,1.58064e-10,0.0295355
img_03333.jpg,1.96244e-07,0.856168,1.14511e-06,9.77153e-10,0.0,2.63848e-05,4.01294e-07,0.143804
img_03342.jpg,2.99709e-10,0.041821,6.44164e-07,8.84676e-10,0.0,2.27829e-07,2.39534e-08,0.958178
img_03355.jpg,5.69531e-09,0.0133965,9.55642e-08,1.05478e-11,0.0,7.39239e-09,8.78921e-10,0.986603
img_03361.jpg,8.78743e-11,0.535723,4.64656e-06,1.01833e-10,0.0,1.75337e-10,1.90379e-09,0.464272
img_03370.jpg,1.45165e-11,0.000907081,8.30238e-08,4.19135e-13,0.0,2.31982e-11,5.46898e-11,0.999093
img_03399.jpg,2.03716e-10,0.998628,4.1782e-07,2.2022e-10,0.0,1.9527e-08,3.25157e-09,0.00137125
img_03422.jpg,1.33817e-10,0.734534,8.72544e-07,1.02461e-11,0.0,5.48391e-10,4.90572e-10,0.265465
img_03440.jpg,2.71501e-09,0.96176,1.67953e-06,1.42139e-14,0.0,5.74407e-09,7.29988e-11,0.0382379
img_03454.jpg,3.07319e-12,0.991323,6.16025e-08,5.58455e-12,0.0,2.19465e-10,2.22538e-08,0.00867673
img_03457.jpg,4.35899e-07,0.550042,0.000368757,2.61687e-08,0.0,7.02401e-06,2.56852e-05,0.449556
img_03471.jpg,9.44603e-11,0.518398,3.3058e-05,8.37109e-11,0.0,7.28384e-06,1.96739e-09,0.481562
img_03475.jpg,0.0,0.0,0.0,0.0,1.0,0.0,0.0,0.0
img_03490.jpg,3.19599e-13,0.38815,3.96413e-07,1.00834e-13,0.0,6.61928e-10,5.35757e-10,0.61185
img_03502.jpg,4.56805e-12,0.0159262,1.62316e-08,3.21049e-11,0.0,8.34911e-10,2.2656e-08,0.984074
img_03527.jpg,2.45321e-13,0.999792,7.03038e-10,5.18193e-13,0.0,5.20048e-12,1.08409e-09,0.000207561
img_03547.jpg,8.09401e-10,0.525205,4.98251e-06,9.25472e-11,0.0,2.75982e-07,5.15954e-09,0.47479
img_03554.jpg,3.0807e-12,0.0529256,9.54237e-06,1.44649e-13,0.0,8.08498e-11,1.55628e-10,0.947065
img_03588.jpg,1.02591e-08,0.988262,2.17054e-08,4.76136e-11,0.0,5.55548e-09,1.65537e-09,0.0117381
img_03627.jpg,3.16111e-08,0.778913,1.67441e-05,3.11073e-12,0.0,5.90849e-08,5.10751e-10,0.22107
img_03628.jpg,1.33009e-10,0.999405,1.11783e-05,7.51565e-13,0.0,2.2704e-10,1.05385e-10,0.000583741
img_03652.jpg,7.01065e-09,0.911013,1.0167e-07,1.96576e-12,0.0,1.75301e-10,5.80733e-09,0.0889865
img_03674.jpg,0.0,0.0,0.0,0.0,1.0,0.0,0.0,0.0
img_03711.jpg,8.24018e-09,0.257363,2.01109e-05,4.21493e-10,0.0,2.02321e-06,1.31997e-08,0.742615
img_03715.jpg,1.47598e-10,0.036841,4.95908e-05,2.76876e-12,0.0,3.09089e-07,8.81343e-11,0.963109
img_03718.jpg,1.04118e-10,0.135538,9.03936e-06,1.17347e-11,0.0,3.76085e-08,2.43763e-09,0.864453
img_03739.jpg,1.66551e-11,0.985396,8.93799e-09,5.97551e-13,0.0,2.17017e-10,1.63042e-11,0.0146035
img_03760.jpg,1.54239e-09,0.994001,9.54627e-09,1.41343e-12,0.0,9.83826e-11,1.18931e-12,0.00599914
img_03809.jpg,2.03892e-08,0.664359,4.67929e-06,5.10839e-13,0.0,7.2632e-07,1.1335e-09,0.335636
img_03825.jpg,2.06599e-06,0.915601,0.00029636,4.14246e-09,0.0,1.28874e-06,4.86197e-07,0.0840985
img_03831.jpg,9.63831e-12,0.998645,3.05212e-08,1.5313e-16,0.0,1.21561e-11,1.36364e-14,0.00135452
img_03837.jpg,1.79293e-08,0.52141,9.38765e-06,1.20581e-09,0.0,3.16693e-07,1.46144e-09,0.47858
img_03866.jpg,4.92319e-09,0.999231,1.31434e-05,7.2989e-11,0.0,3.1666e-07,1.87292e-09,0.000756056
img_03867.jpg,0.0,0.0,0.0,0.0,1.0,0.0,0.0,0.0
img_03869.jpg,4.27636e-10,0.282914,6.45732e-07,3.8476e-12,0.0,1.22389e-06,5.42863e-07,0.717083
img_03871.jpg,1.48578e-05,0.987566,5.46027e-05,5.18606e-07,0.0,4.85616e-06,1.147e-07,0.0123595
img_03891.jpg,5.40039e-06,0.337951,0.000151125,1.58712e-08,0.0,0.00151898,7.44465e-07,0.660373
img_03923.jpg,0.0,0.0,0.0,0.0,1.0,0.0,0.0,0.0
img_03924.jpg,0.0,0.0,0.0,0.0,1.0,0.0,0.0,0.0
img_03928.jpg,7.66172e-10,0.0392857,2.13715e-07,9.40773e-12,0.0,1.64694e-09,2.59574e-09,0.960714
img_03929.jpg,4.32743e-09,0.942718,1.55141e-06,5.31265e-10,0.0,9.14069e-06,3.50982e-08,0.0572713
img_03935.jpg,0.0,0.0,0.0,0.0,1.0,0.0,0.0,0.0
img_03942.jpg,5.80419e-09,0.949918,0.000236405,3.17912e-12,0.0,5.21596e-07,1.99415e-08,0.0498446
img_03943.jpg,1.40423e-07,0.987666,0.000490691,7.28247e-12,0.0,6.19664e-09,6.3515e-11,0.0118433
img_03952.jpg,3.49823e-08,0.831168,0.00188022,2.88568e-10,0.0,1.14894e-05,2.02373e-06,0.166938
img_03974.jpg,5.25734e-06,0.985223,0.000520329,2.19799e-09,0.0,1.06751e-05,1.14546e-07,0.014241
img_03992.jpg,2.34481e-11,0.720503,2.17773e-06,1.22179e-12,0.0,4.58991e-10,6.17738e-10,0.279495
img_03995.jpg,1.08041e-10,0.994135,4.3246e-06,2.36955e-13,0.0,5.02899e-10,1.02365e-11,0.00586067
img_03996.jpg,1.13063e-09,0.930119,1.18309e-05,2.31012e-10,0.0,6.90045e-09,2.46738e-08,0.0698693
img_04001.jpg,9.72535e-10,0.986822,4.59126e-07,1.16013e-10,0.0,1.05132e-08,7.13883e-09,0.013177
img_04002.jpg,1.14076e-07,0.760192,1.69701e-06,1.57959e-09,0.0,8.83042e-05,1.24386e-08,0.239718
img_04013.jpg,4.50889e-08,0.578137,4.03572e-06,1.73644e-09,0.0,1.82981e-05,2.31677e-08,0.421841
img_04015.jpg,2.48403e-10,0.967515,1.08435e-07,1.52589e-10,0.0,1.56112e-08,1.66147e-09,0.0324852
img_04024.jpg,8.44416e-11,0.0196328,5.87806e-08,4.75817e-13,0.0,9.459e-10,1.21966e-10,0.980367
img_04037.jpg,1.50237e-12,0.894935,2.83926e-08,1.18832e-11,0.0,1.05329e-10,1.00504e-07,0.105065
img_04044.jpg,7.45117e-10,0.946357,7.43469e-05,4.14446e-12,0.0,6.43333e-06,5.09501e-09,0.053562
img_04061.jpg,1.23234e-09,0.0296213,2.77433e-07,3.33593e-12,0.0,8.25658e-10,1.98118e-09,0.970378
img_04069.jpg,1.37638e-10,0.234428,1.68148e-06,3.90522e-14,0.0,4.7707e-12,2.30106e-11,0.76557
img_04073.jpg,4.95768e-09,0.998771,9.44604e-08,1.06154e-11,0.0,1.91512e-09,1.43184e-11,0.00122931
img_04076.jpg,1.15507e-06,0.610931,6.05444e-05,2.37386e-09,0.0,3.96526e-07,2.69567e-08,0.389007
img_04101.jpg,8.9794e-10,0.983769,9.80638e-07,1.4381e-09,0.0,1.99258e-07,2.49224e-08,0.0162298
img_04118.jpg,1.69075e-08,0.998832,1.77901e-07,1.9524e-10,0.0,7.37872e-08,2.39559e-09,0.00116785
img_04128.jpg,5.82065e-14,0.00245058,9.2404e-09,2.78575e-13,0.0,4.4317e-09,4.08751e-10,0.997549
img_04129.jpg,1.44529e-10,0.86716,1.11615e-07,3.38593e-13,0.0,9.75141e-11,1.89104e-09,0.13284
img_04130.jpg,9.44465e-09,0.570402,6.73429e-06,1.02271e-10,0.0,1.17713e-07,6.72507e-09,0.429591
img_04136.jpg,2.32003e-08,0.845038,1.18231e-05,6.33009e-11,0.0,1.16563e-09,2.195e-08,0.15495
img_04138.jpg,0.0,0.0,0.0,0.0,1.0,0.0,0.0,0.0
img_04181.jpg,4.07662e-08,0.952264,2.53168e-05,6.32523e-09,0.0,4.10337e-07,9.50869e-08,0.0477099
img_04183.jpg,3.94971e-07,0.528894,0.000338607,2.22297e-10,0.0,9.99525e-08,6.19344e-08,0.470767
img_04204.jpg,1.32962e-11,0.981384,1.64313e-08,1.14645e-14,0.0,1.49077e-14,1.97764e-14,0.0186164
img_04221.jpg,1.73427e-08,0.96852,5.10508e-05,7.43164e-10,0.0,9.38835e-07,2.40973e-07,0.0314282
img_04240.jpg,1.30633e-08,0.316456,3.49361e-05,1.41711e-10,0.0,3.49642e-10,7.82947e-08,0.683509
img_04247.jpg,4.57038e-14,0.997223,1.10909e-07,5.71631e-15,0.0,8.25014e-13,1.96161e-12,0.00277699
img_04257.jpg,1.46233e-11,0.980238,1.38323e-08,2.19148e-13,0.0,2.16941e-10,1.29959e-10,0.0197621
img_04261.jpg,6.67016e-11,0.090572,0.000189529,2.72639e-13,0.0,9.21616e-08,3.11141e-09,0.909238
img_04271.jpg,0.0,0.0,0.0,0.0,1.0,0.0,0.0,0.0
img_04272.jpg,6.83736e-15,0.999989,4.68903e-10,1.45465e-15,0.0,5.49264e-14,3.31484e-13,1.06579e-05
img_04282.jpg,2.80954e-08,0.121297,1.92761e-07,2.01984e-09,0.0,1.28025e-07,6.98096e-09,0.878702
img_04321.jpg,5.49181e-13,0.00381607,9.27892e-10,1.514e-15,0.0,6.99857e-12,5.52609e-12,0.996184
img_04323.jpg,0.0,0.0,0.0,0.0,1.0,0.0,0.0,0.0
img_04324.jpg,1.4873e-12,0.835257,1.10086e-06,6.89428e-12,0.0,5.51309e-10,1.13604e-10,0.164742
img_04341.jpg,9.21948e-09,0.827992,1.94925e-06,1.26501e-10,0.0,9.25779e-11,2.15338e-08,0.172006
img_04370.jpg,7.29719e-09,0.74374,2.05795e-05,2.2908e-13,0.0,1.25373e-07,4.09404e-11,0.256239
img_04375.jpg,0.0,0.0,0.0,0.0,1.0,0.0,0.0,0.0
img_04382.jpg,2.1982e-08,0.928499,8.97509e-05,7.10182e-11,0.0,1.46933e-08,4.22605e-08,0.0714111
img_04390.jpg,1.54449e-08,0.427817,8.37208e-06,1.31097e-11,0.0,3.92116e-10,2.11105e-10,0.572174
img_04408.jpg,2.37332e-12,0.382133,1.21441e-05,1.55174e-14,0.0,3.55202e-10,1.17912e-10,0.617855
img_04410.jpg,1.46067e-10,0.953829,3.49802e-07,1.78552e-12,0.0,1.69486e-08,1.93806e-10,0.0461703
img_04415.jpg,3.00677e-09,0.986718,0.000104758,3.58247e-11,0.0,1.88742e-08,1.035e-09,0.0131774
img_04419.jpg,0.0,0.0,0.0,0.0,1.0,0.0,0.0,0.0
img_04422.jpg,2.91485e-08,0.995672,0.00176652,2.11335e-13,0.0,1.68616e-10,3.89521e-12,0.00256142
img_04425.jpg,3.55495e-09,0.521151,1.37384e-06,8.34113e-10,0.0,8.57923e-09,4.03453e-08,0.478847
img_04476.jpg,1.93606e-10,0.0165029,1.03001e-05,2.49775e-11,0.0,3.14253e-08,3.36951e-09,0.983487
img_04478.jpg,2.5598e-07,0.737534,2.60265e-05,2.37807e-09,0.0,6.6744e-08,1.20747e-07,0.262439
img_04479.jpg,4.5126e-07,0.962412,5.3671e-07,5.24919e-10,0.0,4.4472e-08,8.12649e-10,0.0375865
img_04482.jpg,1.85138e-08,0.506552,0.000562798,3.57854e-09,0.0,2.78301e-07,4.88653e-08,0.492884
img_04496.jpg,4.29004e-11,0.994691,4.44231e-05,3.42048e-14,0.0,9.1712e-12,1.29778e-12,0.00526489
img_04507.jpg,1.38441e-11,0.448201,2.27036e-07,7.74988e-15,0.0,4.22075e-11,2.29037e-11,0.551799
img_04511.jpg,3.19437e-10,0.999168,5.68211e-09,2.09749e-11,0.0,6.23293e-08,5.78784e-10,0.000831592
img_04532.jpg,1.34452e-07,0.838158,1.39975e-07,3.55548e-09,0.0,3.86307e-05,2.66321e-09,0.161803
img_04546.jpg,1.02119e-12,0.998607,2.11614e-08,1.29092e-14,0.0,8.74903e-12,1.7892e-14,0.00139358
img_04559.jpg,0.0,0.0,0.0,0.0,1.0,0.0,0.0,0.0
img_04562.jpg,1.91519e-12,0.9992,5.21014e-08,3.64931e-13,0.0,6.35001e-12,9.91901e-13,0.000799746
img_04585.jpg,0.0,0.0,0.0,0.0,1.0,0.0,0.0,0.0
img_04624.jpg,1.24304e-07,0.78454,1.62173e-06,5.22164e-10,0.0,1.23469e-05,7.59929e-09,0.215446
img_04640.jpg,9.64003e-08,0.0809015,1.92551e-05,3.34771e-10,0.0,6.27408e-08,1.45815e-08,0.919079
img_04642.jpg,0.0,0.0,0.0,0.0,1.0,0.0,0.0,0.0
img_04647.jpg,1.12829e-14,0.101282,3.29309e-08,7.80808e-14,0.0,3.58171e-15,1.12254e-10,0.898718
img_04657.jpg,6.05812e-07,0.246731,0.00518296,1.1235e-08,0.0,3.90049e-06,4.19921e-06,0.748078
img_04671.jpg,3.21083e-10,0.0488689,3.20412e-08,2.26133e-12,0.0,2.3024e-09,2.50128e-10,0.951131
img_04705.jpg,2.15288e-11,0.946601,3.13181e-08,1.24068e-13,0.0,4.70516e-11,2.18752e-11,0.0533994
img_04723.jpg,7.65989e-11,0.998595,3.03596e-07,7.97206e-12,0.0,4.93065e-10,2.24562e-09,0.00140452
img_04740.jpg,4.5108e-11,0.99992,2.34762e-07,2.38525e-12,0.0,2.84826e-10,2.57713e-10,8.00463e-05
img_04750.jpg,0.0,0.0,0.0,0.0,1.0,0.0,0.0,0.0
img_04757.jpg,1.46004e-10,0.0015969,1.0327e-07,3.30125e-12,0.0,2.18516e-09,9.8882e-11,0.998403
img_04795.jpg,6.29401e-13,0.965177,4.23384e-07,1.6544e-14,0.0,1.22546e-12,1.24527e-13,0.034823
img_04811.jpg,6.33244e-08,0.995359,5.92257e-06,8.59749e-09,0.0,2.73162e-07,4.21595e-07,0.00463425
img_04814.jpg,1.51312e-11,0.998633,3.35575e-08,4.65685e-13,0.0,6.24702e-10,5.11481e-10,0.00136683
img_04856.jpg,3.37048e-08,0.77768,6.62599e-05,5.46061e-10,0.0,4.36205e-06,7.91283e-08,0.222249
img_04860.jpg,1.12129e-07,0.0860235,6.57256e-05,2.43951e-10,0.0,2.43763e-07,2.99394e-09,0.913911
img_04872.jpg,7.90461e-09,0.975296,8.36479e-06,1.10782e-09,0.0,2.20258e-06,8.68675e-08,0.0246931
img_04888.jpg,1.47996e-09,0.996837,4.34522e-05,5.90436e-11,0.0,1.45394e-08,2.09979e-09,0.00311995
img_04949.jpg,1.20162e-11,0.961186,1.96381e-05,3.02291e-12,0.0,2.03017e-09,2.73254e-08,0.0387939
img_04975.jpg,2.21792e-10,0.0174018,6.86858e-07,1.10995e-10,0.0,3.08788e-08,8.80736e-09,0.982598
img_05015.jpg,1.88082e-08,0.515272,6.06212e-05,1.07485e-11,0.0,2.84687e-05,1.13055e-08,0.484639
img_05016.jpg,1.0388e-06,0.982105,3.17279e-05,1.04688e-08,0.0,6.39141e-07,6.19776e-08,0.0178616
img_05046.jpg,9.87842e-09,0.0226521,3.69088e-07,6.02008e-12,0.0,4.18653e-08,4.98883e-10,0.977348
img_05055.jpg,3.08005e-07,0.906692,1.79861e-05,2.37862e-08,0.0,2.78879e-05,5.52653e-09,0.093262
img_05059.jpg,0.0,0.0,0.0,0.0,1.0,0.0,0.0,0.0
img_05068.jpg,2.44772e-13,0.995656,5.3844e-08,1.30127e-13,0.0,7.23209e-10,9.8885e-09,0.00434406
img_05074.jpg,1.62946e-08,0.996588,5.25991e-05,1.82707e-13,0.0,3.14534e-09,6.83438e-11,0.00335904
img_05076.jpg,5.21597e-11,0.0432508,6.87664e-07,4.25447e-13,0.0,1.85089e-09,4.54266e-11,0.956748
img_05084.jpg,1.34516e-09,0.430875,2.66138e-07,8.31045e-12,0.0,2.48098e-09,7.6109e-11,0.569125
img_05085.jpg,6.97472e-14,0.932811,1.12873e-08,1.80003e-15,0.0,5.88634e-13,1.19264e-13,0.067189
img_05087.jpg,3.55506e-08,0.979606,1.2026e-05,4.96344e-11,0.0,8.24759e-10,3.76712e-10,0.0203821
img_05119.jpg,2.16776e-10,0.75284,1.0706e-06,6.55899e-11,0.0,1.57175e-08,3.16277e-09,0.247159
img_05137.jpg,7.59355e-10,0.0022304,4.19297e-07,1.42476e-12,0.0,1.61549e-09,3.31813e-11,0.997769
img_05156.jpg,0.0,0.0,0.0,0.0,1.0,0.0,0.0,0.0
img_05185.jpg,1.38317e-08,0.158047,1.58452e-06,1.86428e-11,0.0,7.34737e-11,2.7841e-09,0.841951
img_05186.jpg,2.49065e-11,0.685799,2.72254e-08,7.04047e-15,0.0,1.1625e-12,5.63463e-14,0.314201
img_05192.jpg,7.95335e-10,0.395705,2.44465e-06,5.94325e-12,0.0,8.82274e-10,3.28448e-10,0.604293
img_05211.jpg,1.03674e-07,0.820125,2.46745e-05,7.2022e-12,0.0,3.95365e-08,1.56892e-09,0.17985
img_05236.jpg,1.47955e-09,0.0244666,5.15557e-06,3.37382e-10,0.0,1.86852e-08,1.70645e-07,0.975528
img_05241.jpg,6.49634e-11,0.42647,2.04383e-06,2.49039e-13,0.0,1.81301e-09,3.47596e-10,0.573528
img_05244.jpg,5.5988e-07,0.529211,7.78806e-05,1.96512e-09,0.0,2.6345e-07,3.33966e-08,0.47071
img_05260.jpg,2.19764e-07,0.150983,0.00084232,6.5298e-10,0.0,6.12842e-07,1.6804e-08,0.848174
img_05269.jpg,1.7341e-13,0.974815,2.16482e-07,1.44991e-12,0.0,3.14365e-11,1.40101e-10,0.0251849
img_05273.jpg,4.53501e-07,0.736393,0.00131835,4.43247e-08,0.0,5.42845e-06,4.62867e-06,0.262278
img_05322.jpg,2.67433e-09,0.404584,2.30065e-05,2.22248e-11,0.0,4.92871e-07,6.64666e-09,0.595393
img_05336.jpg,6.33582e-10,0.953866,9.26731e-08,2.13071e-11,0.0,2.84336e-08,2.18776e-10,0.0461337
img_05341.jpg,2.65972e-07,0.773942,1.56612e-05,5.56497e-11,0.0,4.26516e-08,1.8453e-08,0.226042
img_05410.jpg,5.64039e-13,0.999601,1.56959e-09,1.05201e-15,0.0,4.15865e-12,1.62128e-12,0.000398823
img_05434.jpg,0.0,0.0,0.0,0.0,1.0,0.0,0.0,0.0
img_05454.jpg,0.0,0.0,0.0,0.0,1.0,0.0,0.0,0.0
img_05459.jpg,2.89421e-09,0.089934,4.31949e-07,9.83533e-10,0.0,6.7206e-07,1.83385e-07,0.910065
img_05463.jpg,1.92543e-09,0.125903,1.34996e-05,9.39746e-12,0.0,1.34212e-08,1.12627e-09,0.874084
img_05471.jpg,1.74434e-10,0.225271,5.26744e-07,1.44823e-12,0.0,7.66976e-12,5.02978e-12,0.774728
img_05479.jpg,1.31063e-10,0.477066,1.59969e-05,2.30118e-11,0.0,6.60324e-08,4.97736e-10,0.522918
img_05488.jpg,1.37498e-05,0.343681,0.000391475,1.25438e-07,0.0,3.2165e-05,7.7765e-07,0.65588
img_05489.jpg,3.27564e-06,0.603022,0.000109042,1.50556e-08,0.0,1.15714e-05,3.57188e-06,0.39685
img_05508.jpg,0.0,0.0,0.0,0.0,1.0,0.0,0.0,0.0
img_05516.jpg,4.51159e-11,0.0290933,4.86346e-06,8.04049e-13,0.0,8.44897e-11,4.24212e-11,0.970902
img_05520.jpg,2.3106e-09,0.99614,1.65486e-08,2.88901e-11,0.0,1.70034e-08,1.35002e-07,0.00385994
img_05539.jpg,5.56956e-11,0.831241,1.6017e-06,2.91343e-13,0.0,5.07163e-11,2.54321e-10,0.168757
img_05558.jpg,1.03735e-10,0.049655,4.32926e-08,6.67368e-13,0.0,2.56953e-10,6.51178e-11,0.950345
img_05563.jpg,5.02119e-09,0.969953,1.0709e-05,5.83478e-11,0.0,5.50192e-07,3.40365e-09,0.0300358
img_05568.jpg,2.17783e-09,0.993849,1.29494e-06,2.36702e-13,0.0,3.28182e-11,7.3388e-12,0.00614933
img_05580.jpg,9.93861e-10,0.0038059,2.28289e-09,7.10894e-12,0.0,3.19365e-08,1.25644e-10,0.996194
img_05584.jpg,2.13179e-09,0.990873,1.19303e-06,1.80326e-12,0.0,3.23661e-08,1.37165e-08,0.00912525
img_05587.jpg,0.0,0.0,0.0,0.0,1.0,0.0,0.0,0.0
img_05595.jpg,2.98387e-10,0.0386177,7.8024e-06,2.94928e-13,0.0,1.71261e-11,7.36239e-12,0.961375
img_05612.jpg,2.99978e-12,0.970551,1.24134e-08,1.9631e-12,0.0,3.94073e-11,1.21174e-10,0.0294489
img_05613.jpg,1.85147e-12,0.951189,5.9139e-08,2.25501e-13,0.0,3.61238e-10,2.05501e-11,0.0488108
img_05640.jpg,2.43868e-07,0.872179,0.000244985,2.63564e-09,0.0,1.48787e-05,7.27344e-08,0.127561
img_05653.jpg,3.36983e-11,0.989219,5.88713e-07,2.57168e-12,0.0,1.91711e-09,3.79995e-11,0.0107799
img_05654.jpg,2.03844e-09,0.75507,2.48443e-05,3.63162e-13,0.0,1.95218e-08,1.05704e-11,0.244905
img_05657.jpg,1.99393e-08,0.993206,1.0168e-05,1.70598e-09,0.0,4.82118e-06,4.2018e-06,0.00677472
img_05672.jpg,9.80805e-09,0.516889,5.31074e-06,3.96084e-10,0.0,2.16256e-06,2.49626e-08,0.483104
img_05673.jpg,1.02105e-09,0.69668,2.35492e-06,1.04661e-09,0.0,1.2962e-07,2.59317e-06,0.303315
img_05682.jpg,3.04379e-09,0.00944453,1.89849e-05,3.12219e-11,0.0,1.84293e-08,2.8415e-08,0.990537
img_05692.jpg,1.05931e-10,0.99985,3.24377e-06,1.57236e-14,0.0,3.43193e-13,1.86135e-13,0.000146911
img_05721.jpg,1.73939e-13,0.985358,9.89651e-07,1.48159e-15,0.0,7.76553e-12,3.3882e-13,0.0146406
img_05724.jpg,2.61169e-05,0.234443,0.000577324,2.71459e-07,0.0,0.000273371,1.20544e-05,0.764668
img_05731.jpg,0.0,0.0,0.0,0.0,1.0,0.0,0.0,0.0
img_05740.jpg,2.05328e-08,0.576389,3.36846e-06,2.78241e-09,0.0,3.77493e-08,2.88221e-08,0.423608
img_05754.jpg,1.33895e-07,0.995513,1.05914e-07,4.81481e-11,0.0,3.24131e-09,5.00724e-11,0.00448634
img_05792.jpg,4.27604e-10,0.505858,7.18113e-07,1.36493e-11,0.0,1.19334e-09,7.43519e-10,0.494141
img_05813.jpg,3.0233e-09,0.872003,8.55471e-06,1.39902e-11,0.0,1.18655e-07,2.25248e-10,0.127988
img_05817.jpg,8.3888e-10,0.355383,1.03638e-06,1.99346e-12,0.0,2.72056e-10,1.39651e-11,0.644616
img_05835.jpg,4.95406e-10,0.983364,4.40544e-07,5.644e-09,0.0,3.35858e-07,4.99231e-08,0.016635
img_05838.jpg,3.26242e-09,0.980721,3.67486e-07,2.89407e-10,0.0,1.22312e-08,2.15556e-08,0.0192788
img_05857.jpg,3.33e-10,0.976005,1.1668e-07,7.87344e-10,0.0,9.43859e-08,9.59164e-09,0.0239953
img_05864.jpg,9.43567e-08,0.0155888,4.33902e-05,2.71949e-13,0.0,2.8404e-07,2.53499e-12,0.984367
img_05882.jpg,2.83443e-10,0.0117255,1.57298e-06,2.50079e-11,0.0,1.03935e-09,5.51291e-09,0.988273
img_05896.jpg,4.40244e-10,0.979841,3.07489e-07,4.76942e-11,0.0,9.21134e-08,1.98732e-10,0.0201588
img_05916.jpg,1.90187e-13,0.985624,2.80246e-09,6.67898e-14,0.0,2.41333e-11,1.56802e-10,0.0143759
img_05940.jpg,3.88916e-05,0.679745,0.296941,2.15683e-09,0.0,2.6284e-06,3.20796e-09,0.0232725
img_05948.jpg,3.00553e-06,0.716692,4.57109e-06,2.42252e-08,0.0,1.27936e-05,2.52206e-08,0.283288
img_05950.jpg,1.74669e-08,0.83463,6.57157e-06,1.0532e-11,0.0,1.62821e-06,1.91288e-08,0.165361
img_05953.jpg,1.22257e-10,0.940502,1.73755e-07,7.10306e-11,0.0,5.47535e-10,1.03372e-08,0.0594982
img_05963.jpg,1.73256e-09,0.309133,2.33678e-06,2.83866e-10,0.0,2.77043e-07,6.92231e-09,0.690865
img_05967.jpg,4.97722e-10,0.838131,2.38431e-05,3.15573e-12,0.0,3.35957e-08,4.23387e-11,0.161845
img_05979.jpg,1.45874e-07,0.359618,0.000980032,8.87063e-11,0.0,1.82422e-07,3.79618e-07,0.639401
img_05981.jpg,1.212e-10,0.999602,1.66428e-06,3.49534e-14,0.0,2.32119e-09,1.04992e-11,0.000396188
img_05989.jpg,3.69154e-11,0.115847,4.36426e-06,5.04451e-12,0.0,2.84918e-08,4.92921e-10,0.884149
img_06021.jpg,1.28101e-12,0.999089,2.33693e-09,1.21659e-15,0.0,3.61089e-13,5.85297e-12,0.000910555
img_06038.jpg,6.99406e-09,0.693196,6.05219e-05,1.83251e-13,0.0,2.21115e-11,2.70993e-12,0.306743
img_06042.jpg,4.4957e-08,0.869797,5.42247e-07,2.62568e-08,0.0,1.24611e-06,2.23724e-07,0.130201
img_06065.jpg,2.52411e-08,0.518563,2.04452e-08,2.20548e-12,0.0,6.8001e-06,3.24878e-09,0.48143
img_06076.jpg,1.1213e-09,0.999419,0.000264865,6.579e-15,0.0,1.60491e-10,2.37825e-13,0.000315685
img_06099.jpg,5.58421e-13,0.952044,2.79665e-07,2.87721e-14,0.0,6.49492e-10,4.84879e-11,0.047956
img_06103.jpg,5.28153e-13,0.982557,2.49564e-11,5.45093e-14,0.0,1.65056e-11,1.74603e-10,0.0174426
img_06144.jpg,8.52877e-10,0.17666,2.17926e-07,1.40578e-10,0.0,6.52348e-07,3.90066e-09,0.823339
img_06147.jpg,1.52389e-06,0.613019,0.00102765,2.07102e-09,0.0,1.91175e-05,3.01279e-08,0.385933
img_06165.jpg,4.28061e-14,0.99998,4.78039e-10,2.66886e-15,0.0,1.80785e-13,6.47492e-12,2.00873e-05
img_06207.jpg,1.68929e-12,0.866916,6.64321e-07,2.04794e-14,0.0,5.86047e-12,1.12736e-11,0.133083
img_06210.jpg,1.75348e-10,0.0415795,1.18965e-05,5.09235e-12,0.0,4.93036e-09,6.58359e-10,0.958409
img_06237.jpg,7.25475e-08,0.311457,2.46177e-05,2.29149e-09,0.0,5.80992e-07,1.16979e-06,0.688516
img_06238.jpg,0.0,0.0,0.0,0.0,1.0,0.0,0.0,0.0
img_06261.jpg,9.95962e-09,0.00142133,8.54032e-07,2.02223e-12,0.0,1.11219e-09,7.13784e-11,0.998578
img_06268.jpg,4.85548e-11,0.84697,3.65906e-08,7.72588e-13,0.0,4.79785e-06,1.03354e-08,0.153025
img_06272.jpg,0.0,0.0,0.0,0.0,1.0,0.0,0.0,0.0
img_06285.jpg,1.13911e-09,0.981667,7.93106e-07,1.61749e-11,0.0,7.2065e-10,6.14268e-10,0.0183321
img_06311.jpg,7.25714e-08,0.989293,2.63398e-06,1.29022e-08,0.0,6.26454e-05,4.11544e-07,0.0106413
img_06324.jpg,1.31267e-11,0.00491809,1.76379e-07,3.56871e-12,0.0,1.5839e-11,1.5203e-12,0.995082
img_06332.jpg,9.74775e-11,0.983475,3.64132e-07,1.7408e-10,0.0,1.12107e-11,1.37624e-08,0.0165246
img_06349.jpg,0.0,0.0,0.0,0.0,1.0,0.0,0.0,0.0
img_06368.jpg,3.21623e-10,0.96496,2.52778e-07,3.97851e-11,0.0,4.77093e-08,3.46893e-09,0.0350396
img_06373.jpg,7.60727e-09,0.98979,1.65729e-06,5.73772e-15,0.0,5.32512e-13,6.08233e-15,0.0102083
img_06412.jpg,1.84071e-09,0.0396333,2.77432e-07,9.07166e-13,0.0,5.76395e-09,5.381e-11,0.960366
img_06440.jpg,6.49889e-09,0.902914,4.50352e-07,2.15776e-11,0.0,7.60576e-07,2.8119e-07,0.0970847
img_06455.jpg,1.14203e-09,0.831664,2.46747e-06,6.07072e-12,0.0,0.000145783,2.63296e-09,0.168188
img_06469.jpg,4.137e-09,0.994067,3.33262e-06,5.64044e-10,0.0,1.45913e-07,3.04477e-09,0.00592925
img_06475.jpg,1.14657e-10,0.00646298,8.34904e-10,8.22758e-14,0.0,1.39799e-11,4.41595e-11,0.993537
img_06477.jpg,3.36818e-09,0.192912,3.21643e-06,9.85567e-12,0.0,1.57113e-09,6.8221e-11,0.807085
img_06489.jpg,0.0,0.0,0.0,0.0,1.0,0.0,0.0,0.0
img_06510.jpg,1.12965e-10,0.996358,1.50513e-09,9.39672e-11,0.0,2.64217e-08,6.31164e-08,0.00364214
img_06547.jpg,8.90223e-06,0.576881,5.47541e-05,2.2509e-11,0.0,2.65246e-09,3.52519e-11,0.423056
img_06549.jpg,5.95348e-10,0.608213,1.94703e-07,3.82265e-11,0.0,1.91106e-08,2.50179e-10,0.391787
img_06555.jpg,1.10084e-07,0.155441,0.000250963,4.613e-08,0.0,1.10081e-06,2.42965e-06,0.844304
img_06571.jpg,1.72757e-10,0.722603,1.16307e-06,5.68224e-11,0.0,7.75778e-06,7.31219e-08,0.277388
img_06608.jpg,3.49351e-07,0.0762394,0.000107497,4.86596e-08,0.0,0.0001312,3.33984e-07,0.923521
img_06614.jpg,1.98563e-08,0.137473,0.000162181,4.25325e-12,0.0,2.275e-08,1.14063e-10,0.862365
img_06616.jpg,4.25723e-09,0.00390755,1.01826e-06,3.0918e-11,0.0,8.00427e-10,1.4511e-09,0.996091
img_06630.jpg,1.43189e-10,0.481629,9.3811e-08,5.95542e-13,0.0,3.51435e-10,1.05351e-10,0.518371
img_06662.jpg,0.0,0.0,0.0,0.0,1.0,0.0,0.0,0.0
img_06663.jpg,1.90712e-10,0.00870687,1.34137e-06,7.24873e-13,0.0,7.17885e-06,1.67303e-09,0.991285
img_06681.jpg,2.39032e-10,0.787657,0.000116379,9.99195e-11,0.0,1.28202e-06,7.04055e-10,0.212225
img_06685.jpg,0.0,0.0,0.0,0.0,1.0,0.0,0.0,0.0
img_06732.jpg,3.7895e-11,0.95956,2.90507e-06,1.73247e-12,0.0,9.40453e-11,1.1364e-07,0.0404374
img_06734.jpg,3.43038e-10,0.996559,1.18193e-06,9.17306e-13,0.0,1.33577e-08,1.41945e-11,0.00343995
img_06748.jpg,1.31839e-10,0.99603,5.59107e-08,2.45313e-13,0.0,2.52356e-08,2.31201e-11,0.00396958
img_06798.jpg,5.79542e-08,0.454184,8.51344e-06,2.69312e-10,0.0,7.65483e-06,1.69629e-08,0.545799
img_06800.jpg,0.0,0.0,0.0,0.0,1.0,0.0,0.0,0.0
img_06806.jpg,1.54159e-09,0.0645011,1.02371e-06,3.46124e-13,0.0,2.14447e-07,2.51375e-10,0.935498
img_06807.jpg,0.0,0.0,0.0,0.0,1.0,0.0,0.0,0.0
img_06812.jpg,2.39565e-08,0.0798521,1.59199e-06,8.27513e-09,0.0,3.10006e-06,1.82859e-06,0.920141
img_06832.jpg,2.08337e-09,0.191373,0.000131371,4.84613e-13,0.0,1.8195e-07,1.44462e-10,0.808496
img_06845.jpg,1.03458e-11,0.992476,3.95775e-07,2.9912e-12,0.0,1.89255e-08,4.67476e-12,0.00752325
img_06849.jpg,8.54549e-12,0.101233,2.52546e-06,6.21182e-12,0.0,7.50812e-10,3.70014e-10,0.898764
img_06851.jpg,2.77782e-09,0.0311872,2.05264e-05,1.35248e-12,0.0,1.04053e-11,3.48714e-11,0.968792
img_06870.jpg,3.35757e-10,0.0192333,0.000473825,1.36485e-13,0.0,3.96781e-07,1.36181e-08,0.980292
img_06892.jpg,3.22811e-09,0.829602,0.000119521,1.10034e-10,0.0,2.36529e-06,3.62339e-07,0.170276
img_06899.jpg,0.0,0.0,0.0,0.0,1.0,0.0,0.0,0.0
img_06902.jpg,0.0,0.0,0.0,0.0,1.0,0.0,0.0,0.0
img_06909.jpg,1.90121e-08,0.978677,1.09596e-05,5.24536e-10,0.0,2.15379e-06,9.56407e-09,0.0213097
img_06914.jpg,0.0,0.0,0.0,0.0,1.0,0.0,0.0,0.0
img_06916.jpg,7.92452e-13,0.98717,7.91315e-09,2.03124e-11,0.0,2.06534e-08,2.05228e-07,0.0128303
img_06921.jpg,6.64354e-09,0.982712,1.04353e-06,4.71636e-10,0.0,6.78004e-08,8.55614e-08,0.0172872
img_06922.jpg,1.19415e-10,0.0325186,1.7179e-07,2.81359e-12,0.0,3.12626e-11,3.02653e-10,0.967481
img_06936.jpg,3.59546e-15,0.00891139,2.23255e-09,1.33471e-14,0.0,9.309e-16,1.0288e-12,0.991089
img_06939.jpg,1.69484e-10,0.0870628,1.14197e-05,1.12179e-12,0.0,9.99017e-10,5.11976e-11,0.912926
img_06947.jpg,0.0,0.0,0.0,0.0,1.0,0.0,0.0,0.0
img_06955.jpg,1.03177e-08,0.699887,2.66696e-06,2.58858e-09,0.0,7.78016e-08,4.43445e-07,0.300109
img_06959.jpg,4.09082e-08,0.608699,0.000471549,1.4014e-09,0.0,1.62512e-05,2.08162e-07,0.390813
img_06962.jpg,1.09079e-09,0.889206,5.50788e-05,3.03289e-14,0.0,2.44216e-10,9.57583e-12,0.110739
img_06986.jpg,1.22278e-09,0.74842,2.53424e-05,2.54598e-10,0.0,4.67245e-07,1.90269e-08,0.251554
img_07023.jpg,2.23831e-12,0.99988,1.04512e-08,5.03023e-14,0.0,1.6423e-12,1.17528e-10,0.000120398
img_07044.jpg,4.29104e-10,0.993737,2.85783e-06,1.70221e-15,0.0,1.87832e-10,1.68865e-11,0.00626044
img_07045.jpg,4.37964e-12,0.96564,3.93059e-08,6.02213e-13,0.0,2.30602e-11,2.09731e-11,0.0343601
img_07051.jpg,3.74463e-11,0.798956,1.48652e-05,3.58399e-13,0.0,4.85704e-11,5.50917e-09,0.201029
img_07060.jpg,6.04333e-08,0.959644,2.77829e-07,2.49275e-11,0.0,9.47657e-08,5.5804e-12,0.040356
img_07062.jpg,0.0,0.0,0.0,0.0,1.0,0.0,0.0,0.0
img_07068.jpg,1.97433e-08,0.849613,7.02147e-07,1.915e-10,0.0,9.4223e-09,5.48639e-09,0.150386
img_07086.jpg,3.82493e-10,0.0359979,4.44815e-07,2.00761e-11,0.0,6.36325e-10,8.8186e-11,0.964002
img_07094.jpg,5.35537e-10,0.143702,1.18262e-06,2.66126e-13,0.0,1.27081e-09,3.64209e-09,0.856297
img_07110.jpg,6.96159e-07,0.408125,0.000289915,2.91963e-08,0.0,4.72182e-07,1.03784e-06,0.591583
img_07120.jpg,1.22507e-10,0.98293,2.9227e-05,1.71244e-13,0.0,3.53038e-08,3.26377e-11,0.0170403
img_07146.jpg,0.0,0.0,0.0,0.0,1.0,0.0,0.0,0.0
img_07147.jpg,0.0,0.0,0.0,0.0,1.0,0.0,0.0,0.0
img_07149.jpg,8.85747e-10,0.593834,3.24648e-05,2.72769e-11,0.0,1.61705e-07,6.58748e-09,0.406133
img_07156.jpg,5.09659e-10,0.925677,9.74808e-07,1.45398e-10,0.0,3.93385e-08,1.41275e-09,0.0743217
img_07179.jpg,0.0,0.0,0.0,0.0,1.0,0.0,0.0,0.0
img_07188.jpg,4.2071e-10,0.997657,1.9602e-06,1.4087e-11,0.0,7.32255e-09,5.76847e-10,0.0023407
img_07192.jpg,7.39178e-09,0.96958,4.7582e-06,1.3514e-09,0.0,3.53574e-07,4.70668e-09,0.0304151
img_07199.jpg,0.0,0.0,0.0,0.0,1.0,0.0,0.0,0.0
img_07231.jpg,3.00389e-11,0.027745,8.4876e-06,3.6895e-14,0.0,9.62903e-09,8.58509e-11,0.972247
img_07237.jpg,5.2765e-10,0.986579,1.63217e-06,5.93744e-11,0.0,5.46708e-09,7.23203e-09,0.0134197
img_07314.jpg,6.46291e-12,0.998503,1.53048e-08,1.07346e-14,0.0,4.05443e-13,5.29921e-14,0.00149675
img_07318.jpg,4.02036e-09,0.864582,8.00051e-06,3.97557e-14,0.0,3.59289e-11,5.92743e-13,0.13541
img_07330.jpg,1.32844e-09,0.146531,5.76319e-07,1.34709e-12,0.0,8.74955e-09,7.95614e-09,0.853468
img_07352.jpg,1.58751e-10,0.324362,1.18209e-06,1.16024e-12,0.0,3.42731e-10,1.05163e-09,0.675637
img_07371.jpg,1.00647e-11,0.98166,1.34239e-06,6.76892e-14,0.0,7.33126e-10,2.41808e-13,0.0183383
img_07409.jpg,9.20592e-09,0.942808,0.000228703,1.36738e-11,0.0,9.09073e-08,1.70258e-10,0.0569629
img_07417.jpg,1.04561e-11,0.996561,5.80773e-09,6.53541e-14,0.0,2.63585e-11,1.39271e-12,0.00343939
img_07426.jpg,2.84912e-09,0.983542,1.65812e-05,7.48844e-10,0.0,1.0239e-05,6.64264e-07,0.0164305
img_07428.jpg,1.37266e-13,0.998151,1.10746e-09,2.3361e-11,0.0,1.06548e-09,6.47228e-09,0.00184932
img_07434.jpg,0.0,0.0,0.0,0.0,1.0,0.0,0.0,0.0
img_07436.jpg,7.15561e-09,0.669692,7.12518e-06,4.3591e-11,0.0,1.60611e-10,9.72243e-09,0.3303
img_07448.jpg,2.26554e-07,0.423981,9.20804e-05,2.82068e-08,0.0,6.63778e-08,1.17407e-06,0.575925
img_07460.jpg,5.23552e-09,0.0154833,3.99155e-05,4.53709e-09,0.0,6.8386e-08,1.88376e-07,0.984477
img_07474.jpg,1.37584e-06,0.665796,0.000868854,9.83763e-11,0.0,2.01901e-07,4.37131e-07,0.333333
img_07505.jpg,8.10445e-12,0.97666,5.5637e-07,1.64478e-15,0.0,7.97204e-10,6.1062e-12,0.0233389
img_07508.jpg,2.28835e-09,0.814466,3.84076e-06,5.71391e-10,0.0,5.11756e-10,1.86617e-08,0.18553
img_07514.jpg,4.43049e-08,0.678383,5.09695e-05,2.19658e-11,0.0,1.69778e-08,1.11495e-09,0.321566
img_07526.jpg,2.00142e-09,0.967806,8.7835e-06,5.52281e-14,0.0,8.78303e-13,2.14787e-12,0.032185
img_07528.jpg,2.18901e-05,0.464631,0.517576,2.24378e-08,0.0,4.85078e-05,4.52453e-07,0.0177214
img_07543.jpg,0.0,0.0,0.0,0.0,1.0,0.0,0.0,0.0
img_07553.jpg,0.0,0.0,0.0,0.0,1.0,0.0,0.0,0.0
img_07561.jpg,1.79019e-11,0.998415,6.24249e-07,2.27458e-11,0.0,2.87238e-08,7.63463e-11,0.00158467
img_07574.jpg,2.95914e-07,0.523124,0.00114219,6.84153e-13,0.0,1.57303e-08,4.00972e-10,0.475734
img_07623.jpg,5.1076e-10,0.993939,3.12362e-09,2.47038e-10,0.0,5.31291e-09,1.0833e-09,0.00606103
img_07659.jpg,2.29809e-11,0.0773447,7.26077e-07,1.26643e-13,0.0,9.6433e-11,6.68776e-12,0.922655
img_07663.jpg,1.0619e-11,0.983544,3.91028e-07,2.25267e-13,0.0,1.28597e-06,2.37153e-09,0.0164543
img_07689.jpg,7.03323e-09,0.0703511,1.88455e-05,5.8343e-12,0.0,9.3359e-05,4.11709e-09,0.929537
img_07717.jpg,2.90049e-09,0.85958,3.08133e-06,2.43192e-09,0.0,2.91026e-06,8.71528e-08,0.140414
img_07757.jpg,3.15129e-08,0.997264,4.514e-05,3.97586e-08,0.0,2.07744e-05,2.61602e-06,0.00266712
img_07792.jpg,3.40493e-10,0.216754,1.42533e-05,2.57301e-11,0.0,7.26645e-09,7.40337e-09,0.783231
img_07799.jpg,5.73776e-09,0.785487,1.50761e-06,2.0111e-11,0.0,8.49094e-09,2.80458e-08,0.214511
img_07818.jpg,3.91407e-15,0.00850257,1.1845e-08,5.14324e-15,0.0,8.89723e-15,3.17332e-11,0.991497
img_07833.jpg,4.69599e-11,0.976865,6.39552e-08,2.93268e-12,0.0,7.48079e-11,1.42133e-11,0.0231348
img_07859.jpg,0.0,0.0,0.0,0.0,1.0,0.0,0.0,0.0
img_07872.jpg,1.12825e-06,0.619915,0.000131029,2.0732e-07,0.0,0.00214816,2.70519e-05,0.377777
img_07893.jpg,5.52221e-09,0.382974,0.000158115,4.56147e-11,0.0,2.60217e-10,1.57325e-10,0.616868
img_07906.jpg,2.3971e-11,0.997328,2.66224e-08,3.22188e-13,0.0,5.82835e-10,5.25024e-11,0.00267229
